proyecto,operador,departamento,mineral_principal,etapa_avance,tipo_proyecto,subtipo_proyecto,ley_mineral_recursos,capacidad_planta,anio_inicio_ejecucion,anio_fin_ejecucion,anio_puesta_marcha,tiene_fecha_definida,capex_musd,fuente
Ampliación Bayóvar,Compañía Minera Miski Mayo S.R.L.,Piura,Fosfatos,FACTIBILIDAD,,,,,,,,False,450.0,"CPIM MINEM, actualización octubre 2025"
Ampliación Cobriza,Operadores Concentrados Peruanos S.A.C.,Huancavelica,Cobre,PRE-FACTIBILIDAD,,,,,,,,False,93.0,"CPIM MINEM, actualización octubre 2025"
Ampliación Contonga,Norcobre S.A.C.,Áncash,Cobre,CONCEPTUAL,,,,,,,,False,362.0,"CPIM MINEM, actualización octubre 2025"
Ampliación Cuajone,Southern Perú Copper Corporation,Moquegua,Cobre,CONCEPTUAL,,,,,,,,False,605.0,"CPIM MINEM, actualización octubre 2025"
Ampliación Esperanza,Compañía Minera Caraveli S.A.C.,Arequipa,Oro,PRE-FACTIBILIDAD,,,,,,,,False,300.0,"CPIM MINEM, actualización octubre 2025"
Ampliación Huachocolpa,Compañía Minera Kolpa S.A.,Huancavelica,Plata,FACTIBILIDAD,,,,,,,,False,167.0,"CPIM MINEM, actualización octubre 2025"
Ampliación Huancapetí,Compañía Minera Lincuna S.A.,Áncash,Zinc,INGENIERÍA DE DETALLE,,,,,2025,2029,2029,True,345.0,"CPIM MINEM, actualización octubre 2025"
Ampliación Huarón,Pan American Silver Huarón S.A.C.,Pasco,Plata,FACTIBILIDAD,,,,,2026,2032,2026,True,118.0,"CPIM MINEM, actualización octubre 2025"
Ampliación Ilo,Southern Perú Copper Corporation,Moquegua,Cobre,CONCEPTUAL,,,,,,,2029,False,1354.0,"CPIM MINEM, actualización octubre 2025"
Ampliación Pachapaqui,ICM Pachapaqui S.A.C.,Áncash,Zinc,FACTIBILIDAD,,,,,,,,False,117.0,"CPIM MINEM, actualización octubre 2025"
Ampliación Quellaveco,Anglo American Quellaveco S.A.,Moquegua,Cobre,PRE-FACTIBILIDAD,,,,,,,,False,850.0,"CPIM MINEM, actualización octubre 2025"
Ampliación Recuperada,Recuperada S.A.C.,Huancavelica,Plata,PRE-FACTIBILIDAD,,,,,,,,False,138.0,"CPIM MINEM, actualización octubre 2025"
Ampliación Shougang,Shougang Hierro Peru S.A.A.,Ica,Hierro,PRE-FACTIBILIDAD,,,,,,,,False,900.0,"CPIM MINEM, actualización octubre 2025"
Ampliación Yauricocha,Sociedad Minera Corona S.A.,Lima,Cobre,PRE-FACTIBILIDAD,,,,,,,,False,235.0,"CPIM MINEM, actualización octubre 2025"
Antilla,Antilla Copper S.A.,Apurímac,Cobre,PRE-FACTIBILIDAD,,,,,,,,False,250.0,"CPIM MINEM, actualización octubre 2025"
Ariana,Ariana Operaciones Mineras S.A.C.,Junín,Cobre,EJECUCIÓN (SUSPENDIDA),,,,,,,,False,140.0,"CPIM MINEM, actualización octubre 2025"
Ayawilca,Tinka Resources S.A.C.,Pasco,Zinc,CONCEPTUAL,,,,,,,,False,382.0,"CPIM MINEM, actualización octubre 2025"
Cañariaco,Cañariaco Copper Perú S.A.,Lambayeque,Cobre,PRE-FACTIBILIDAD,,,,,,,,False,2160.0,"CPIM MINEM, actualización octubre 2025"
Cañón Florida,Nexa Resources Perú S.A.A.,Amazonas,Zinc,CONCEPTUAL,,,,,,,,False,214.0,"CPIM MINEM, actualización octubre 2025"
Coimolache Sulfuros,Compañía Minera Coimolache S.A.,Cajamarca,Cobre,CONCEPTUAL,,,,,2029,2034,2032,True,598.0,"CPIM MINEM, actualización octubre 2025"
Conga,Minera Yanacocha S.R.L.,Cajamarca,Oro,FACTIBILIDAD,,,,,,,,False,4800.0,"CPIM MINEM, actualización octubre 2025"
Corani,Bear Creek Mining S.A.C.,Puno,Plata,INGENIERÍA DE DETALLE,,,,,2025,2028,2028,True,579.0,"CPIM MINEM, actualización octubre 2025"
Cotabambas,Panoro Apurímac S.A.,Apurímac,Cobre,PRE-FACTIBILIDAD,,,,,,,,False,1486.0,"CPIM MINEM, actualización octubre 2025"
Don Javier,Junefield Group S.A.,Arequipa,Cobre,CONCEPTUAL,,,,,,,,False,600.0,"CPIM MINEM, actualización octubre 2025"
El Galeno,Lumina Copper S.A.C.,Cajamarca,Cobre,PRE-FACTIBILIDAD,,,,,,,,False,3500.0,"CPIM MINEM, actualización octubre 2025"
Haquira,Minera Antares Perú S.A.C.,Apurímac,Cobre,PRE-FACTIBILIDAD,,,,,,,,False,1860.0,"CPIM MINEM, actualización octubre 2025"
Hierro Apurímac,Apurímac Ferrum S.A.C.,Apurímac,Hierro,PRE-FACTIBILIDAD,,,,,,,,False,2900.0,"CPIM MINEM, actualización octubre 2025"
Hilarión,Nexa Resources Perú S.A.A.,Áncash,Zinc,PRE-FACTIBILIDAD,,,,,,,,False,585.0,"CPIM MINEM, actualización octubre 2025"
Integración Atacocha - El Porvenir,,,,POTENCIAL CPIM 2026,,,,,,,,False,,"CPIM MINEM, actualización octubre 2025"
Integración Coroccohuayco,Compañía Minera Antapaccay S.A.,Cusco,Cobre,FACTIBILIDAD,,,,,2027,2028,2027,True,1500.0,"CPIM MINEM, actualización octubre 2025"
Katy,Cultinor S.A.C.,Moquegua,Cobre,PRE-FACTIBILIDAD,,,,,,,,False,250.0,"CPIM MINEM, actualización octubre 2025"
La Arena Sulfuros,La Arena S.A.,La Libertad,Cobre,CONCEPTUAL,,,,,2029,,,True,1650.0,"CPIM MINEM, actualización octubre 2025"
La Granja,Minera La Granja S.A.C.,Cajamarca,Cobre,CONCEPTUAL,,,,,,,,False,2400.0,"CPIM MINEM, actualización octubre 2025"
Los Calatos,Minera Hampton Perú S.A.C.,Moquegua,Cobre,PRE-FACTIBILIDAD,,,,,2027,2029,2029,True,655.0,"CPIM MINEM, actualización octubre 2025"
Los Chancas,Southern Perú Copper Corporation,Apurímac,Cobre,PRE-FACTIBILIDAD,,,,,,,2031,False,2600.0,"CPIM MINEM, actualización octubre 2025"
Magistral,Nexa Resources Perú S.A.A.,Áncash,Cobre,FACTIBILIDAD,,,,,,,,False,493.0,"CPIM MINEM, actualización octubre 2025"
Michiquillay,Southern Perú Copper Corporation,Cajamarca,Cobre,CONCEPTUAL,,,,,,,2032,False,2500.0,"CPIM MINEM, actualización octubre 2025"
Mina Justa Subterránea,Marcobre S.A.C.,Ica,Cobre,CONCEPTUAL,,,,,,,2027,False,500.0,"CPIM MINEM, actualización octubre 2025"
Ollachea,Minera Kuri Kullu S.A.,Puno,Oro,PRE-FACTIBILIDAD,,,,,,,,False,126.0,"CPIM MINEM, actualización octubre 2025"
Optimización Cajamarquilla,Nexa Resources Cajamarquilla S.A.,Lima,Zinc,FACTIBILIDAD,,,,,,,,False,96.0,"CPIM MINEM, actualización octubre 2025"
Optimización Carahuacra - San Cristobal,Volcan Compañía Minera S.A.A.,Junín,Zinc,POTENCIAL CPIM 2026,Brownfield,Integración,,,,,,False,242.0,"CPIM MINEM, actualización octubre 2025"
Optimización Cerro Verde,Sociedad Minera Cerro Verde S.A.A.,Arequipa,Cobre,FACTIBILIDAD,Brownfield,Optimización,"4.58 Mt @ 0.35% Cu, 0.01% Mo, 1.52 g/t Ag",Ampliación de concentradoras a 420 000 t/día,2026,2053,2026,True,2100.0,"CPIM MINEM, actualización octubre 2025"
Optimización Constancia,Hudbay Perú S.A.C.,Cusco,Cobre,PRE-FACTIBILIDAD,,,,,,,,False,500.0,"CPIM MINEM, actualización octubre 2025"
Optimización Julcani,Compañía de Minas Buenaventura S.A.A.,Huancavelica,Plata,PRE-FACTIBILIDAD,,,,,,,,False,101.0,"CPIM MINEM, actualización octubre 2025"
Optimización Pallancata,Compañía Minera Ares S.A.C.,Ayacucho,Plata,PRE-FACTIBILIDAD,,,,,,,,False,100.0,"CPIM MINEM, actualización octubre 2025"
Optimización Pucamarca,Minsur S.A.,Tacna,Oro,INGENIERÍA DE DETALLE,,,,,,,,False,106.0,"CPIM MINEM, actualización octubre 2025"
Pampa de Pongo,Jinzhao Mining Perú S.A.,Arequipa,Hierro,FACTIBILIDAD,Greenfield,,"Mineral masivo: 3430.3 Mt @ 39.2% Fe, 0.1 ppm Au, 0.1% Cu (M&I); Mineral brechado: 193.6 Mt @ 17.2% Fe, 0.1% Cu (M&I)",Fase I: 10 Mt/año; Fase II: 20 Mt/año; Fase III: 30 Mt/año,2025,2033,2028,True,1781.0,"CPIM MINEM, actualización octubre 2025"
Planta de Cobre Río Seco,Procesadora Industrial Río Seco S.A.,Lima,Cobre,FACTIBILIDAD,,,,,,,,False,410.0,"CPIM MINEM, actualización octubre 2025"
Pukaqaqa,Olympic Precious Metals Ltd.,Huancavelica,Cobre,PRE-FACTIBILIDAD,,,,,,,,False,655.0,"CPIM MINEM, actualización octubre 2025"
Quechua,Compañía Minera Quechua S.A.,Cusco,Cobre,PRE-FACTIBILIDAD,,,,,,,,False,1290.0,"CPIM MINEM, actualización octubre 2025"
Reaprovechamiento Quiruvilca,Atom Enviromental II S.A.C.,La Libertad,Oro,PRE-FACTIBILIDAD,,,,,,,,False,235.0,"CPIM MINEM, actualización octubre 2025"
Reposición Antamina,Compañía Minera Antamina S.A.,Áncash,Cobre,EJECUCIÓN,,,,,2024,2029,2024,True,1604.0,"CPIM MINEM, actualización octubre 2025"
Reposición Cerro de Pasco,Empresa Administradora Cerro S.A.C.,Pasco,Zinc,PRE-FACTIBILIDAD,,,,,,,,False,129.0,"CPIM MINEM, actualización octubre 2025"
Reposición Colquijirca,Sociedad Minera El Brocal SAA,Pasco,Cobre,FACTIBILIDAD,Brownfield,,"Tajo Sur: 4.53 Mt @ 2.05% Zn, 1% Pb, 2.85 oz/t Ag - 29.37 Mt @ 1.47% Cu, 0.66 oz/t Ag; Marcapunta UG: 30.5 Mt @ 1.29% Cu, 1.04 oz/t Ag, 0.67 oz/t Au; Tajo Norte: 6.32 Mt @ 2.26% Zn y Pb, 2.26 oz/t Ag - 1.77 Mt @ 1.51% Cu, 3.02 oz/t Ag",Ampliación de 21 600 a 25 000 t/día,2025,2036,2025,True,502.0,"CPIM MINEM, actualización octubre 2025"
Reposición Ferrobamba,Minera Las Bambas S.A.,Apurímac,Cobre,EJECUCIÓN,,,,,2026,,2027,True,1753.0,"CPIM MINEM, actualización octubre 2025"
Reposición Inmaculada,Compañía Minera Ares S.A.C.,Ayacucho,Oro,EJECUCIÓN,,,,,2023,2042,2024,True,1319.0,"CPIM MINEM, actualización octubre 2025"
Reposición Raura,Compañía Minera Raura S.A.,Huánuco,Zinc,EJECUCIÓN,,,,,2025,2028,2026,True,76.0,"CPIM MINEM, actualización octubre 2025"
Reposición San Rafael,Minsur S.A.,Puno,Estaño,FACTIBILIDAD,,,,,2025,2028,2025,True,294.0,"CPIM MINEM, actualización octubre 2025"
Reposición Shahuindo,Shahuindo S.A.C.,Cajamarca,Oro,FACTIBILIDAD,,,,,,,,False,289.0,"CPIM MINEM, actualización octubre 2025"
Romina,Compañía Minera Chungar S.A.C.,Lima,Zinc,EJECUCIÓN,,,,,2024,2026,2026,True,130.0,"CPIM MINEM, actualización octubre 2025"
Río Blanco,Rio Blanco Copper S.A.,Piura,Cobre,FACTIBILIDAD,,,,,,,,False,2792.0,"CPIM MINEM, actualización octubre 2025"
San Gabriel,Compañía de Minas Buenaventura S.A.A.,Moquegua,Oro,EJECUCIÓN,,,,,2022,2025,2025,True,650.0,"CPIM MINEM, actualización octubre 2025"
San Luis,Reliant Ventures S.A.C.,Áncash,Plata,FACTIBILIDAD,,,,,,,,False,90.0,"CPIM MINEM, actualización octubre 2025"
Trapiche,El Molle Verde S.A.C.,Apurímac,Cobre,FACTIBILIDAD,,,,,2027,2031,2031,True,1038.0,"CPIM MINEM, actualización octubre 2025"
Tía María,Southern Perú Copper Corporation,Arequipa,Cobre,EJECUCIÓN,Greenfield,,Tajo La Tapada: 487.6 Mt @ 0.41% Cu,100 000 t/día,2025,2027,2027,True,1802.0,"CPIM MINEM, actualización octubre 2025"
Yanacocha Sulfuros,Minera Yanacocha S.R.L.,Cajamarca,Cobre,INGENIERÍA DE DETALLE,,,,,,,,False,2500.0,"CPIM MINEM, actualización octubre 2025"
Zafranal,Compañía Minera Zafranal S.A.C.,Arequipa,Cobre,INGENIERÍA DE DETALLE,Greenfield,,"440.7 Mt @ 0.38% Cu, 0.07 g/t Au (P&P)",80 000 t/día,2025,2028,2029,True,1900.0,"CPIM MINEM, actualización octubre 2025"
