codigo,nombre
AF,AFGHANISTAN
1D,AGUAS INTERNACIONALES
AL,ALBANIA
1M,ALEMANIA
DZ,ALGERIA
AS,AMERICAN SAMOA
AD,ANDORRA
AO,ANGOLA
AI,ANGUILLA
AQ,ANTARCTICA
AG,ANTIGUA AND BARBUDA
AR,ARGENTINA
AM,ARMENIA
AW,ARUBA
AU,AUSTRALIA
AT,AUSTRIA
AZ,AZERBAIJAN
BS,BAHAMAS
BH,BAHRAIN
BD,BANGLADESH
BB,BARBADOS
BY,BELARUS
BE,BELGIUM
BZ,BELIZE
BJ,BENIN
BM,BERMUDA
BT,BHUTAN
BO,BOLIVIA
BA,BOSNIA AND HERZEGOVINA
BW,BOTSWANA
BV,BOUVET ISLAND
BR,BRAZIL
IO,BRITISH INDIAN OCEAN TERRITORY
BN,BRUNEI DARUSSALAM
BG,BULGARIA
BF,BURKINA FASO
BI,BURUNDI
KH,CAMBODIA
CM,CAMEROON
CA,CANADA
1N,"CANAL (NORMANDAS), ISLAS"
1O,CANTON Y ENDERBURRY
CV,CAPE VERDE
KY,CAYMAN ISLANDS
CF,CENTRAL AFRICAN REPUBLIC
TD,CHAD
1A,CHECOSLOVAQUIA
CL,CHILE
CN,CHINA
CX,CHRISTMAS ISLAND
CC,COCOS (KEELING) ISLANDS
CO,COLOMBIA
KM,COMOROS
1J,COMUNIDAD ECONOMICA EUROPEA
CG,CONGO
CK,COOK ISLANDS
1K,COSTA DE MARFIL
CR,COSTA RICA
CI,COTE DIVOIRE
HR,CROATIA
CU,CUBA
CY,CYPRUS
CZ,CZECH REPUBLIC
DK,DENMARK
DJ,DJIBOUTI
DM,DOMINICA
DO,DOMINICAN REPUBLIC
TP,EAST TIMOR
EC,ECUADOR
EG,EGYPT
SV,EL SALVADOR
GQ,EQUATORIAL GUINEA
ER,ERITREA
1G,ESCOCIA
EE,ESTONIA
ET,ETHIOPIA
FK,FALKLAND ISLANDS (MALVINAS)
FO,FAROE ISLANDS
FJ,FIJI
FI,FINLAND
FR,FRANCE
FX,"FRANCE, METROPOLITAN"
GF,FRENCH GUIANA
PF,FRENCH POLYNESIA
TF,FRENCH SOUTHERN TERRITORIES
GA,GABON
GM,GAMBIA
1F,GAZA Y JERICO
GE,GEORGIA
DE,GERMANY
GH,GHANA
GI,GIBRALTAR
GR,GREECE
GL,GREENLAND
GD,GRENADA
GP,GUADELOUPE
GU,GUAM
GT,GUATEMALA
GN,GUINEA
GW,GUINEA-BISSAU
GY,GUYANA
HT,HAITI
HM,HEARD AND MC DONALD ISLANDS
HN,HONDURAS
1P,HONDURAS BRITANICAS
HK,HONG KONG
HU,HUNGARY
IS,ICELAND
IN,INDIA
ID,INDONESIA
XZ,INTERNACIONAL ZONE
IR,IRAN (ISLAMIC REPUBLIC OF)
IQ,IRAQ
IE,IRELAND
IL,ISRAEL
IT,ITALY
JM,JAMAICA
JP,JAPAN
1Q,"JONSTON, ISLAS"
JO,JORDAN
KZ,KAZAKHSTAN
KE,KENYA
KI,KIRIBATI
KP,"KOREA, DEMOCRATIC PEOPLES REP. OF"
KR,"KOREA, REPUBLIC OF"
KW,KUWAIT
KG,KYRGYSTAN
LA,LAO PEOPLE'S DEMOCRATIC REPUBLIC
LV,LATVIA
LB,LEBANON
LS,LESOTHO
LR,LIBERIA
LY,LIBYAN ARAB JAMAHIRIYA
LI,LIECHTENSTEIN
LT,LITHUANIA
LU,LUXEMBOURG
MO,MACAU
1R,MACEDONIA
MK,MACEDONIA F.Y.R.
MG,MADAGASCAR
MW,MALAWI
MY,MALAYSIA
MV,MALDIVES
ML,MALI
MT,MALTA
MH,MARSHALL ISLANDS
MQ,MARTINIQUE
MR,MAURITANIA
MU,MAURITIUS
YT,MAYOTTE
MX,MEXICO
FM,MICRONESIA
1S,"MIDWAY, ISLAS"
MD,MOLDOVA
MC,MONACO
MN,MONGOLIA
MS,MONTSERRAT
MA,MOROCCO
MZ,MOZAMBIQUE
MM,MYANMAR
NA,NAMIBIA
NR,NAURU
NP,NEPAL
NL,NETHERLANDS
AN,NETHERLANDS ANTILLES
NT,NEUTRAL ZONE
NC,NEW CALEDONIA
NZ,NEW ZEALAND
NI,NICARAGUA
NE,NIGER
NG,NIGERIA
NU,NIUE
1E,NO DECLARADOS
NF,NORFOLK ISLAND
MP,NORTHERN MARIANA ISLANDS
NO,NORWAY
OM,OMAN
1T,"PACIFICO, ISLAS DEL"
1C,PAISES_NO_PREC.EN OP.ABAST.COMBUST.O AVITUALL
PK,PAKISTAN
PW,PALAU
PA,PANAMA
PG,PAPUA NEW GUINEA
PY,PARAGUAY
PH,PHILIPPINES
PN,PITCAIRN
PL,POLAND
PT,PORTUGAL
PR,PUERTO RICO
QA,QATAR
1U,REPUBLICA ARABE UNIDA
RE,REUNION
RO,ROMANIA
RU,RUSSIAN FEDERATION
RW,RWANDA
SH,SAINT HELENA
KN,SAINT KITTS AND NEVIS
LC,SAINT LUCIA
PM,SAINT PIERRE AND MIQUELON
VC,SAINT VINCENT AND THE GRENADINES
WS,SAMOA
SM,SAN MARINO
ST,SAO TOME AND PRINCIPE
SA,SAUDI ARABIA
SN,SENEGAL
CS,SERBIA AND MONTENEGRO
SC,SEYCHELLES
SL,SIERRA LEONE
SG,SINGAPORE
SK,SLOVAKIA
SI,SLOVENIA
SB,SOLOMON ISLANDS
SO,SOMALIA
ZA,SOUTH AFRICA
GS,SOUTH GEORGIA AND THE SOUTH SANDWICH ISLANDS
ES,SPAIN
LK,SRI LANKA
SD,SUDAN
SR,SURINAME
SJ,SVALBARD AND JAN MAYEN ISLANDS
SZ,SWAZILAND
SE,SWEDEN
CH,SWITZERLAND
SY,SYRIAN ARAB REPUBLIC
TW,"TAIWAN, PROVINCE OF CHINA"
TJ,TAJIKISTAN
TZ,"TANZANIA, UNITED REPUBLIC OF"
1W,TERRITORIO AUTONOMO DE PALESTINA.
TH,THAILAND
TG,TOGO
TK,TOKELAU
TO,TONGA
TT,TRINIDAD AND TOBAGO
TN,TUNISIA
TR,TURKEY
TM,TURKMENISTAN
TC,TURKS AND CAICOS ISLANDS
TV,TUVALU
UG,UGANDA
UA,UKRAINE
AE,UNITED ARAB EMIRATES
GB,UNITED KINGDOM
US,UNITED STATES
UM,UNITED STATES MINOR OUTLYING ISLANDS
1H,URSS
UY,URUGUAY
UZ,UZBEKISTAN
VU,VANUATU
VA,VATICAN CITY STATE (HOLY SEE)
VE,VENEZUELA
VN,VIET NAM
1I,VIETNAM (DEL NORTE)
VG,VIRGIN ISLANDS (BRITISH)
VI,VIRGIN ISLANDS (U.S.)
1V,"WAKE, ISLA"
WF,WALLIS AND FUTUNA ISLANDS
EH,WESTERN SAHARA
YE,YEMEN
YU,YUGOSLAVIA
ZR,ZAIRE
ZM,ZAMBIA
ZW,ZIMBABWE
1L,ZONA DEL CANAL DE PANAMA
1B,ZONAS FRANCAS DEL PERU
